{
	"partitions" : [
		{
			"name" : "Top",
			"pins" : [
				{
					"name" : "extmemdata[0]",
					"strict" : false
				},
				{
					"name" : "extmemdata[1]",
					"strict" : false
				},
				{
					"name" : "extmemdata[2]",
					"strict" : false
				},
				{
					"name" : "extmemdata[3]",
					"strict" : false
				},
				{
					"name" : "extmemdata[4]",
					"strict" : false
				},
				{
					"name" : "extmemdata[5]",
					"strict" : false
				},
				{
					"name" : "extmemdata[6]",
					"strict" : false
				},
				{
					"name" : "extmemdata[7]",
					"strict" : false
				},
				{
					"name" : "extmemdata[8]",
					"strict" : false
				},
				{
					"name" : "extmemdata[9]",
					"strict" : false
				},
				{
					"name" : "extmemdata[10]",
					"strict" : false
				},
				{
					"name" : "extmemdata[11]",
					"strict" : false
				},
				{
					"name" : "extmemdata[12]",
					"strict" : false
				},
				{
					"name" : "extmemdata[13]",
					"strict" : false
				},
				{
					"name" : "extmemdata[14]",
					"strict" : false
				},
				{
					"name" : "extmemdata[15]",
					"strict" : false
				},
				{
					"name" : "extmemdata[16]",
					"strict" : false
				},
				{
					"name" : "extmemdata[17]",
					"strict" : false
				},
				{
					"name" : "extmemdata[18]",
					"strict" : false
				},
				{
					"name" : "extmemdata[19]",
					"strict" : false
				},
				{
					"name" : "extmemdata[20]",
					"strict" : false
				},
				{
					"name" : "extmemdata[21]",
					"strict" : false
				},
				{
					"name" : "extmemdata[22]",
					"strict" : false
				},
				{
					"name" : "extmemdata[23]",
					"strict" : false
				},
				{
					"name" : "extmemdata[24]",
					"strict" : false
				},
				{
					"name" : "extmemdata[25]",
					"strict" : false
				},
				{
					"name" : "extmemdata[26]",
					"strict" : false
				},
				{
					"name" : "extmemdata[27]",
					"strict" : false
				},
				{
					"name" : "extmemdata[28]",
					"strict" : false
				},
				{
					"name" : "extmemdata[29]",
					"strict" : false
				},
				{
					"name" : "extmemdata[30]",
					"strict" : false
				},
				{
					"name" : "extmemdata[31]",
					"strict" : false
				},
				{
					"name" : "rdval[0]",
					"strict" : false
				},
				{
					"name" : "rdval[1]",
					"strict" : false
				},
				{
					"name" : "rdval[2]",
					"strict" : false
				},
				{
					"name" : "rdval[3]",
					"strict" : false
				},
				{
					"name" : "rdval[4]",
					"strict" : false
				},
				{
					"name" : "rdval[5]",
					"strict" : false
				},
				{
					"name" : "rdval[6]",
					"strict" : false
				},
				{
					"name" : "rdval[7]",
					"strict" : false
				},
				{
					"name" : "rdval[8]",
					"strict" : false
				},
				{
					"name" : "rdval[9]",
					"strict" : false
				},
				{
					"name" : "rdval[10]",
					"strict" : false
				},
				{
					"name" : "rdval[11]",
					"strict" : false
				},
				{
					"name" : "rdval[12]",
					"strict" : false
				},
				{
					"name" : "rdval[13]",
					"strict" : false
				},
				{
					"name" : "rdval[14]",
					"strict" : false
				},
				{
					"name" : "rdval[15]",
					"strict" : false
				},
				{
					"name" : "rdval[16]",
					"strict" : false
				},
				{
					"name" : "rdval[17]",
					"strict" : false
				},
				{
					"name" : "rdval[18]",
					"strict" : false
				},
				{
					"name" : "rdval[19]",
					"strict" : false
				},
				{
					"name" : "rdval[20]",
					"strict" : false
				},
				{
					"name" : "rdval[21]",
					"strict" : false
				},
				{
					"name" : "rdval[22]",
					"strict" : false
				},
				{
					"name" : "rdval[23]",
					"strict" : false
				},
				{
					"name" : "rdval[24]",
					"strict" : false
				},
				{
					"name" : "rdval[25]",
					"strict" : false
				},
				{
					"name" : "rdval[26]",
					"strict" : false
				},
				{
					"name" : "rdval[27]",
					"strict" : false
				},
				{
					"name" : "rdval[28]",
					"strict" : false
				},
				{
					"name" : "rdval[29]",
					"strict" : false
				},
				{
					"name" : "rdval[30]",
					"strict" : false
				},
				{
					"name" : "rdval[31]",
					"strict" : false
				},
				{
					"name" : "extmemaddress[5]",
					"strict" : false
				},
				{
					"name" : "extmemaddress[4]",
					"strict" : false
				},
				{
					"name" : "extmemaddress[7]",
					"strict" : false
				},
				{
					"name" : "extmemaddress[6]",
					"strict" : false
				},
				{
					"name" : "extmemaddress[3]",
					"strict" : false
				},
				{
					"name" : "extmemaddress[2]",
					"strict" : false
				},
				{
					"name" : "extmemaddress[1]",
					"strict" : false
				},
				{
					"name" : "extmemaddress[0]",
					"strict" : false
				},
				{
					"name" : "extmemaddress[8]",
					"strict" : false
				},
				{
					"name" : "swval[3]",
					"strict" : false
				},
				{
					"name" : "swval[0]",
					"strict" : false
				},
				{
					"name" : "swval[1]",
					"strict" : false
				},
				{
					"name" : "swval[2]",
					"strict" : false
				},
				{
					"name" : "swval[4]",
					"strict" : false
				},
				{
					"name" : "clk",
					"strict" : false
				},
				{
					"name" : "reset",
					"strict" : false
				}
			]
		}
	]
}